{
  "name": "opsworks-webserver",
  "description": "Installs/Configures a webserver",
  "long_description": "Installs/Configures a webserver",
  "maintainer": "AWS OpsWorks Demos",
  "maintainer_email": "rambow@amazon.com",
  "license": "none",
  "platforms": {
  },
  "dependencies": {
    "nginx": ">= 0.0.0"
  },
  "recommendations": {
  },
  "suggestions": {
  },
  "conflicting": {
  },
  "providing": {
  },
  "replacing": {
  },
  "attributes": {
  },
  "groupings": {
  },
  "recipes": {
  },
  "version": "0.3.6",
  "source_url": "",
  "issues_url": "",
  "privacy": false,
  "chef_versions": [

  ],
  "ohai_versions": [

  ],
  "gems": [

  ]
}
